<?xml version="1.0" encoding="utf-8" ?>
<?xml-stylesheet type="text/xsl" href="Step2.xslt"?>

<movies>
	<movie id="tt0111161">
		<url>https://imdb.com/title/tt0111161</url>
		<title>The Shawshank Redemption</title>
		<principleDirector>Frank Darabont</principleDirector>
		<year>1994</year>
		<genres>
			<genre>Drama</genre>
		</genres>
	</movie>
	<movie id="tt0068646">
		<url>https://imdb.com/title/tt0068646</url>
		<title>The Godfather</title>
		<principleDirector>Francis Ford Coppola</principleDirector>
		<year>1972</year>
		<genres>
			<genre>Crime</genre>
			<genre>Drama</genre>
		</genres>
	</movie>
	<movie id="tt0468569">
		<url>https://imdb.com/title/tt0468569</url>
		<title>The Dark Knight</title>
		<principleDirector>Christopher Nolan</principleDirector>
		<year>2008</year>
		<genres>
			<genre>Action</genre>
			<genre>Crime</genre>
			<genre>Drama</genre>
			<genre>Thriller</genre>
		</genres>
	</movie>
	<movie id="tt0071562">
		<url>https://imdb.com/title/tt0071562</url>
		<title>The Godfather Part II</title>
		<principleDirector>Francis Ford Coppola</principleDirector>
		<year>1974</year>
		<genres>
			<genre>Crime</genre>
			<genre>Drama</genre>
		</genres>
	</movie>
	<movie id="tt0050083">
		<url>https://imdb.com/title/tt0050083</url>
		<title>12 Angry Men</title>
		<principleDirector>Sidney Lumet</principleDirector>
		<year>1957</year>
		<genres>
			<genre>Crime</genre>
			<genre>Drama</genre>
		</genres>
	</movie>
	<movie id="tt0108052">
		<url>https://imdb.com/title/tt0108052</url>
		<title>Schindler's List</title>
		<principleDirector>Steven Spielberg</principleDirector>
		<year>1993</year>
		<genres>
			<genre>Biography</genre>
			<genre>Drama</genre>
			<genre>History</genre>
		</genres>
	</movie>
	<movie id="tt0167260">
		<url>https://imdb.com/title/tt0167260</url>
		<title>The Lord of the Rings: The Return of the King</title>
		<principleDirector>Peter Jackson</principleDirector>
		<year>2003</year>
		<genres>
			<genre>Action</genre>
			<genre>Adventure</genre>
			<genre>Drama</genre>
			<genre>Fantasy</genre>
		</genres>
	</movie>
	<movie id="tt0110912">
		<url>https://imdb.com/title/tt0110912</url>
		<title>Pulp Fiction</title>
		<principleDirector>Quentin Tarantino</principleDirector>
		<year>1994</year>
		<genres>
			<genre>Crime</genre>
			<genre>Drama</genre>
		</genres>
	</movie>
	<movie id="tt0120737">
		<url>https://imdb.com/title/tt0120737</url>
		<title>The Lord of the Rings: The Fellowship of the Ring</title>
		<principleDirector>Peter Jackson</principleDirector>
		<year>2001</year>
		<genres>
			<genre>Action</genre>
			<genre>Adventure</genre>
			<genre>Drama</genre>
			<genre>Fantasy</genre>
		</genres>
	</movie>
	<movie id="tt0109830">
		<url>https://imdb.com/title/tt0109830</url>
		<title>Forrest Gump</title>
		<principleDirector>Robert Zemeckis</principleDirector>
		<year>1994</year>
		<genres>
			<genre>Drama</genre>
			<genre>Romance</genre>
		</genres>
	</movie>
	<movie id="tt0137523">
		<url>https://imdb.com/title/tt0137523</url>
		<title>Fight Club</title>
		<principleDirector>David Fincher</principleDirector>
		<year>1999</year>
		<genres>
			<genre>Drama</genre>
		</genres>
	</movie>
	<movie id="tt0167261">
		<url>https://imdb.com/title/tt0167261</url>
		<title>The Lord of the Rings: The Two Towers</title>
		<principleDirector>Peter Jackson</principleDirector>
		<year>2002</year>
		<genres>
			<genre>Action</genre>
			<genre>Adventure</genre>
			<genre>Drama</genre>
			<genre>Fantasy</genre>
		</genres>
	</movie>
	<movie id="tt1375666">
		<title>Inception</title>
		<principleDirector>Christopher Nolan</principleDirector>
		<year>2010</year>
		<genres>
			<genre>Action</genre>
			<genre>Adventure</genre>
			<genre>Sci-Fi</genre>
			<genre>Thriller</genre>
		</genres>
	</movie>
	<movie id="tt0073486">
		<title>One Flew Over the Cuckoo's Nest</title>
		<principleDirector>Milos Forman</principleDirector>
		<year>1975</year>
		<genres>
			<genre>Drama</genre>
		</genres>
	</movie>
	<movie id="tt0114369">
		<title>Se7en</title>
		<principleDirector>David Fincher</principleDirector>
		<year>1995</year>
		<genres>
			<genre>Crime</genre>
			<genre>Drama</genre>
			<genre>Mystery</genre>
			<genre>Thriller</genre>
		</genres>
	</movie>
</movies>